Type,Name,Request Count,Failure Count,Median Response Time,Average Response Time,Min Response Time,Max Response Time,Average Content Size,Requests/s,Failures/s,50%,66%,75%,80%,90%,95%,98%,99%,99.9%,99.99%,100%
GET,GET /owners,5815,0,120.0,122.38767757643261,16.422366999904625,257.0783009996376,103032.69905417025,9.703809863116998,0.0,120,160,180,190,210,220,230,240,250,260,260
GET,GET /owners (setup),50,0,73,80.02801387990985,44.84502600007545,115.25026199979038,2736.3,0.08343774602852105,0.0,75,89,95,100,110,110,120,120,120,120,120
GET,GET /owners/{id},4323,0,5,5.98212567639561,3.1189060000542668,104.83900399958657,137.9824196160074,7.21402752162593,0.0,5,6,6,7,8,9,13,16,60,100,100
GET,GET /vets,2880,0,7,9.258728895133888,4.724766999970598,122.45244400037336,653.0,4.806014171242812,0.0,7,8,9,10,14,17,26,39,110,120,120
POST,POST /owners,1472,0,6,6.770273580161386,3.4614079995662905,214.82147699953202,133.94361413043478,2.4564072430796595,0.0,6,7,8,8,9,10,13,16,56,210,210
,Aggregated,14540,0,9,53.519770084456304,3.1189060000542668,257.0783009996376,41399.3303301238,24.26369654509392,0.0,9,46,96,120,180,210,220,230,250,250,260
