Type,Name,Request Count,Failure Count,Median Response Time,Average Response Time,Min Response Time,Max Response Time,Average Content Size,Requests/s,Failures/s,50%,66%,75%,80%,90%,95%,98%,99%,99.9%,99.99%,100%
GET,GET /owners,5836,0,110.0,114.9456636987514,18.03680400007579,276.24421499967866,97277.88365318712,9.73827554545354,0.0,110,140,160,180,200,220,230,230,260,280,280
GET,GET /owners (setup),50,0,72,77.69845963997795,32.55095100030303,118.38867799997388,2820.9,0.08343279254158276,0.0,73,84,87,110,110,120,120,120,120,120,120
GET,GET /owners/{id},4271,0,5,6.056903896507257,2.997450000293611,109.54774099991482,137.8536642472489,7.126829138901999,0.0,5,6,7,7,8,9,12,17,58,110,110
GET,GET /vets,2914,0,7,9.025848725112308,4.582986999594141,156.35205200032942,653.0,4.862463149323443,0.0,7,8,9,10,13,16,25,33,140,160,160
POST,POST /owners,1433,0,6,6.763164944874356,3.6544479999065516,76.88748799955647,133.98255408234473,2.3911838342417617,0.0,6,7,8,8,9,11,14,17,68,77,77
,Aggregated,14504,0,9,50.783907295978715,2.997450000293611,276.24421499967866,39336.623414230555,24.202184460462327,0.0,9,47,86,110,160,200,220,220,240,270,280
