Type,Name,Request Count,Failure Count,Median Response Time,Average Response Time,Min Response Time,Max Response Time,Average Content Size,Requests/s,Failures/s,50%,66%,75%,80%,90%,95%,98%,99%,99.9%,99.99%,100%
GET,GET /owners,5819,0,120.0,118.69924646416959,16.190694000215444,279.736163999587,100843.77075098814,9.710130344482488,0.0,120,150,170,180,210,220,230,230,250,280,280
GET,GET /owners (setup),50,0,66,76.99969530001908,41.74347299976944,122.20946199977334,2925.7,0.08343469964325904,0.0,67,90,96,100,110,120,120,120,120,120,120
GET,GET /owners/{id},4289,0,5,5.974785953609664,3.184174000125495,113.98853399987274,137.5775238983446,7.15702853539876,0.0,5,6,7,7,8,9,12,16,49,110,110
GET,GET /vets,2921,0,7,9.134825857595906,4.74560200018459,124.81916300021112,653.0,4.8742551531591936,0.0,7,8,9,10,14,17,24,32,100,120,120
POST,POST /owners,1461,0,6,6.890826583153244,3.665612999611767,229.9716419993274,133.88843258042436,2.437961923576029,0.0,6,7,7,8,9,11,14,18,51,230,230
,Aggregated,14540,0,9,52.0589464142406,3.184174000125495,279.736163999587,40553.59566712517,24.26281065625973,0.0,9,45,93,120,170,200,220,230,250,260,280
