Type,Name,Request Count,Failure Count,Median Response Time,Average Response Time,Min Response Time,Max Response Time,Average Content Size,Requests/s,Failures/s,50%,66%,75%,80%,90%,95%,98%,99%,99.9%,99.99%,100%
GET,GET /owners,5772,0,120.0,118.85118429227082,17.91384799980733,280.61592599988217,100482.72366597367,9.633679633645134,0.0,120,150,170,180,200,220,230,240,260,280,280
GET,GET /owners (setup),50,0,64,71.7439476000618,41.60844200032443,118.74918800003798,2936.7,0.08345183327828425,0.0,65,75,78,94,110,110,120,120,120,120,120
GET,GET /owners/{id},4434,0,5,6.03061455006383,3.261883999584825,143.17597900026158,136.87122237257555,7.400508575118248,0.0,5,6,7,7,8,9,12,15,50,140,140
GET,GET /vets,2874,0,7,8.952457432866886,4.618811000000278,105.36123099973338,653.0,4.7968113768357785,0.0,7,8,9,10,13,17,24,32,97,110,110
POST,POST /owners,1445,0,6,6.889487647750152,3.322010999909253,91.76068499982648,133.9612456747405,2.411757981742415,0.0,6,7,8,8,9,11,14,19,41,92,92
,Aggregated,14575,0,8,51.59661408871568,3.261883999584825,280.61592599988217,39986.98449399657,24.32620940061986,0.0,8,44,92,110,170,200,220,230,250,280,280
