Type,Name,Request Count,Failure Count,Median Response Time,Average Response Time,Min Response Time,Max Response Time,Average Content Size,Requests/s,Failures/s,50%,66%,75%,80%,90%,95%,98%,99%,99.9%,99.99%,100%
GET,GET /owners,5796,0,120.0,121.65606689371832,17.382125000040105,274.22530299918435,102600.86835748793,9.671269036419202,0.0,120,150,170,190,210,230,240,240,260,270,270
GET,GET /owners (setup),50,0,66,73.90120510002816,40.755770999567176,113.61403000046266,2921.4,0.0834305472430918,0.0,67,89,96,98,110,110,110,110,110,110,110
GET,GET /owners/{id},4350,0,5,5.9577309551711775,3.0677380000270205,143.40026900026714,137.29609195402298,7.258457610148987,0.0,5,6,7,7,8,9,12,16,38,140,140
GET,GET /vets,2894,0,7,9.190837855912983,4.721210000752762,111.58286800036876,653.0,4.828960074430154,0.0,7,8,9,10,14,17,27,37,100,110,110
POST,POST /owners,1485,0,6,6.828611390578818,3.6340760007078643,127.76492400007555,133.97441077441079,2.4778872531198264,0.0,6,7,8,8,9,11,14,20,47,130,130
,Aggregated,14575,0,9,52.93094520041212,3.0677380000270205,274.22530299918435,40995.31217838765,24.320004521361263,0.0,9,46,93,120,170,210,230,230,260,270,270
