Type,Name,Request Count,Failure Count,Median Response Time,Average Response Time,Min Response Time,Max Response Time,Average Content Size,Requests/s,Failures/s,50%,66%,75%,80%,90%,95%,98%,99%,99.9%,99.99%,100%
GET,GET /owners,10878,0,250.0,328.18352034767076,16.93153799897118,7033.760918000553,194719.79545872402,18.15946732967664,0.0,250,360,430,470,610,780,980,1200,5800,6600,7000
GET,GET /owners (setup),100,0,130.0,135.41068097994867,66.17736599946511,314.8067890015227,3351.6,0.16693755588965473,0.0,130,150,160,160,180,190,260,310,310,310,310
GET,GET /owners/{id},8338,0,6,53.99439552158881,2.9682269996555988,5786.85719600071,136.6963300551691,13.919253410079412,0.0,6,7,9,14,110,240,400,540,5300,5800,5800
GET,GET /vets,5590,0,8,10.633847494276964,4.3187770006625215,242.58799800009,653.0,9.3318093742317,0.0,8,9,10,11,16,21,31,62,180,240,240
POST,POST /owners,2841,0,7,46.1571837310716,3.8222379989747424,5405.633800000942,134.26715945089757,4.742695962825091,0.0,7,8,10,15,100,210,370,490,4900,5400,5400
,Aggregated,27747,0,14,152.24357367542214,2.9682269996555988,7033.760918000553,76536.87216636032,46.3201636327025,0.0,14,120,200,270,440,580,800,970,5500,6600,7000
