Type,Name,Request Count,Failure Count,Median Response Time,Average Response Time,Min Response Time,Max Response Time,Average Content Size,Requests/s,Failures/s,50%,66%,75%,80%,90%,95%,98%,99%,99.9%,99.99%,100%
GET,GET /owners,11083,0,240.0,304.29263985717245,19.97328200013726,1641.9008299999405,188035.93467472706,18.506118592455906,0.0,240,340,430,480,650,800,970,1100,1400,1600,1600
GET,GET /owners (setup),100,0,140.0,155.30200717998923,75.51086300009047,398.7138159995993,4127.9,0.16697752045886405,0.0,140,170,190,190,230,260,400,400,400,400,400
GET,GET /owners/{id},8341,0,6,41.32472558601265,3.10146599986183,1421.8564550001247,136.06845701954202,13.92759498147385,0.0,6,7,10,17,130,260,410,510,770,1400,1400
GET,GET /vets,5567,0,8,11.40646624896789,4.557497999940097,186.26390500003254,653.0,9.295638563944962,0.0,8,9,11,12,18,25,43,66,180,190,190
POST,POST /owners,2745,0,7,40.20375345937798,3.7594679997710045,809.7799209999721,134.31621129326047,4.583532936595819,0.0,7,8,11,18,130,250,400,500,750,810,810
,Aggregated,27836,0,18,140.34179354871267,3.10146599986183,1641.9008299999405,75066.6026009484,46.4798625949294,0.0,18,120,200,270,440,600,800,940,1300,1500,1600
