Type,Name,Request Count,Failure Count,Median Response Time,Average Response Time,Min Response Time,Max Response Time,Average Content Size,Requests/s,Failures/s,50%,66%,75%,80%,90%,95%,98%,99%,99.9%,99.99%,100%
GET,GET /owners,11043,0,240.0,299.3217911686078,16.11906299876864,1959.4665410004382,189784.40242687677,18.43739620281663,0.0,240,350,420,470,610,800,990,1100,1400,1800,2000
GET,GET /owners (setup),100,0,130.0,130.16497996004546,60.93214800057467,284.9064330002875,4116.5,0.16696003081424096,0.0,130,140,140,150,160,220,260,280,280,280,280
GET,GET /owners/{id},8298,0,6,38.96426454988224,3.170865000356571,1015.8999899995251,136.28332128223667,13.854343356965716,0.0,6,7,9,13,110,240,440,550,800,1000,1000
GET,GET /vets,5692,0,8,10.509376002628171,4.862140998739051,193.93262599987793,653.0,9.503364953946596,0.0,8,9,10,11,16,21,32,46,160,190,190
POST,POST /owners,2795,0,7,38.206137165999706,3.6830099998041987,804.5524360004492,134.29910554561718,4.666532861258035,0.0,7,8,10,14,110,220,420,510,760,800,800
,Aggregated,27928,0,15,136.36343550171156,3.170865000356571,1959.4665410004382,75244.33998138069,46.628597405801216,0.0,15,110,200,260,440,580,800,950,1300,1700,2000
