Type,Name,Request Count,Failure Count,Median Response Time,Average Response Time,Min Response Time,Max Response Time,Average Content Size,Requests/s,Failures/s,50%,66%,75%,80%,90%,95%,98%,99%,99.9%,99.99%,100%
GET,GET /owners,10955,0,240.0,325.7685661671367,17.86064699990675,5248.711169000217,191153.45860337745,18.285501858390475,0.0,240,350,430,490,640,840,1000,1200,4400,4600,5200
GET,GET /owners (setup),100,0,140.0,140.3972586600048,60.001386999829265,251.71601900001406,3819.62,0.16691466780821976,0.0,140,160,160,170,180,210,240,250,250,250,250
GET,GET /owners/{id},8342,0,6,52.06928872356449,2.9137169999557955,3972.47020299983,136.42591704627188,13.924021588561692,0.0,6,7,9,15,120,260,460,600,3700,4000,4000
GET,GET /vets,5540,0,8,10.941463307764565,4.799372999968909,280.72899200014945,653.0,9.247072596575375,0.0,8,9,10,11,16,22,35,51,200,280,280
POST,POST /owners,2756,0,7,52.42338383490076,3.470706999905815,4114.907875999961,134.28156748911465,4.600168244794537,0.0,7,8,11,18,150,290,460,570,3900,4100,4100
,Aggregated,27693,0,16,152.46780512522903,2.9137169999557955,5248.711169000217,75816.77196403423,46.2236789561303,0.0,16,120,210,270,450,610,860,1000,4200,4500,5200
