Type,Name,Request Count,Failure Count,Median Response Time,Average Response Time,Min Response Time,Max Response Time,Average Content Size,Requests/s,Failures/s,50%,66%,75%,80%,90%,95%,98%,99%,99.9%,99.99%,100%
GET,GET /owners,11024,0,260.0,330.2930835492594,19.503351999901497,1579.147498000566,195702.6347060958,18.402762229419125,0.0,260,380,470,520,680,860,1100,1200,1500,1600,1600
GET,GET /owners (setup),100,0,170.0,180.03528990000632,101.20445899974584,471.0093959997721,4129.8,0.16693361964277145,0.0,170,180,190,200,230,340,400,470,470,470,470
GET,GET /owners/{id},8245,0,6,47.705521468407106,3.0856000003041117,1169.0318970004228,136.37295330503335,13.763676939546507,0.0,6,8,12,26,160,280,470,590,890,1200,1200
GET,GET /vets,5386,0,9,11.904870593764654,4.805798000234063,230.17094399983762,653.0,8.99104475395967,0.0,9,10,11,13,18,25,42,61,200,230,230
POST,POST /owners,2847,0,7,51.72249577239934,3.77095499970892,994.2529219997596,134.33227959255356,4.752600151229704,0.0,7,9,15,31,160,310,530,650,900,990,990
,Aggregated,27602,0,22,154.4764902915041,3.0856000003041117,1579.147498000566,78358.91319469604,46.07701769379778,0.0,22,140,230,290,490,640,860,1000,1400,1500,1600
