Type,Name,Request Count,Failure Count,Median Response Time,Average Response Time,Min Response Time,Max Response Time,Average Content Size,Requests/s,Failures/s,50%,66%,75%,80%,90%,95%,98%,99%,99.9%,99.99%,100%
GET,GET /owners,9430,0,280.0,712.3803183667027,21.078185000021676,7961.935042999983,160848.6257688229,31.508805024015775,0.0,280,770,1200,1400,1900,2300,2500,3500,6600,8000,8000
GET,GET /owners (setup),200,0,320.0,358.7184258099972,122.17261199998575,1141.8853600000034,4666.795,0.6682673387914269,0.0,320,390,460,490,630,690,750,900,1100,1100,1100
GET,GET /owners/{id},6994,0,45,483.49971106291207,3.392249000000902,7279.410615000017,137.11681441235345,23.369308837536195,0.0,45,470,800,1000,1400,1800,2100,4100,6600,7300,7300
GET,GET /vets,4781,0,9,15.397183554277705,4.877206000003298,263.6567159999572,653.0,15.974930733809058,0.0,9,11,13,15,23,37,110,140,240,260,260
POST,POST /owners,2408,0,60,519.4792075033228,4.1625789999670815,7310.526459000016,134.22591362126246,8.045938759048779,0.0,60,530,900,1100,1500,1800,2100,5100,6500,7300,7300
,Aggregated,23813,0,110.0,482.7450104050317,3.392249000000902,7961.935042999983,63920.55196741276,79.56725069320123,0.0,110,340,720,970,1500,1900,2300,2700,6600,7300,8000
