Type,Name,Request Count,Failure Count,Median Response Time,Average Response Time,Min Response Time,Max Response Time,Average Content Size,Requests/s,Failures/s,50%,66%,75%,80%,90%,95%,98%,99%,99.9%,99.99%,100%
GET,GET /owners,9060,0,420.0,849.1248202576154,45.567303999973774,5944.921123999961,159190.99326710816,30.222270027348333,0.0,420,930,1400,1700,2400,2800,3000,3300,4500,5900,5900
GET,GET /owners (setup),200,0,410.0,668.9138101550022,159.2293349999636,2109.995177000087,4848.725,0.6671582787494114,0.0,410,550,850,1300,1700,1900,1900,2000,2100,2100,2100
GET,GET /owners/{id},6954,0,120.0,556.9877873254251,3.6476679999850603,5481.879563000007,136.79033649698016,23.197093352117033,0.0,120,570,900,1200,1800,2300,2500,2800,3200,5500,5500
GET,GET /vets,4679,0,11,21.353995571916375,5.334658000037962,486.33480100011184,653.0,15.608167931342479,0.0,11,14,18,21,36,81,130,200,370,490,490
POST,POST /owners,2276,0,130.0,556.5470760997368,4.5298210000055406,4913.0816989999175,134.17838312829525,7.592261212168301,0.0,130,590,930,1200,1700,2200,2500,2700,4000,4900,4900
,Aggregated,23169,0,150.0,563.9761404078712,3.6476679999850603,5944.921123999961,62477.97319694419,77.28695080172555,0.0,150,450,850,1100,1900,2400,2800,3000,3500,5500,5900
