Type,Name,Request Count,Failure Count,Median Response Time,Average Response Time,Min Response Time,Max Response Time,Average Content Size,Requests/s,Failures/s,50%,66%,75%,80%,90%,95%,98%,99%,99.9%,99.99%,100%
GET,GET /owners,9142,0,380.0,848.2395963417166,30.92140700005075,5256.087663000017,157187.02898709255,30.59116167018547,0.0,380,1000,1500,1800,2300,2600,2800,2900,4400,5300,5300
GET,GET /owners (setup),200,0,330.0,371.67436792999746,89.92705699984072,982.1165739999742,4499.81,0.669244403198107,0.0,330,400,470,520,710,800,920,930,980,980,980
GET,GET /owners/{id},6856,0,100.0,573.5231774461794,3.810134000104881,4752.6948800000355,137.62252042007,22.941698141631107,0.0,100,640,1100,1400,1800,2100,2300,2400,3500,4800,4800
GET,GET /vets,4602,0,11,19.410100631898747,5.299011000033715,364.61028200005785,653.0,15.399313717588441,0.0,11,14,18,21,34,56,110,140,270,360,360
POST,POST /owners,2259,0,92,573.3525016772895,4.541236000022764,4442.54550200003,134.29880478087648,7.559115534122618,0.0,92,660,1100,1300,1800,2100,2400,2500,3400,4400,4400
,Aggregated,23059,0,130.0,570.0830370922422,3.810134000104881,5256.087663000017,62541.99262760744,77.16053346672574,0.0,130,480,960,1300,1900,2300,2600,2800,3800,5100,5300
